county_fips,democrat,republican,total
01001,9847,26288,36786
01003,28742,114309,145971
01005,8931,7437,16479
01007,3397,10285,13823
01009,3376,34840,38642
01011,6448,1415,7895
01013,6598,6712,13388
01015,22033,49648,73059
01017,10489,11482,22183
01019,2403,12345,14921
01021,4418,21276,25974
01023,5661,5532,11251
01025,10427,10564,21107
01027,2024,6985,9118
01029,1050,8610,9770
01031,7103,21979,29582
01033,12769,23544,36931
01035,5788,4681,10530
01037,3071,5057,8195
01039,4094,18858,23171
01041,2991,6103,9173
01043,5937,49693,56451
01045,7471,19218,27101
01047,23351,7825,31296
01049,5884,31582,38091
01051,13091,38190,52131
01053,8394,14433,23060
01055,17993,47883,66875
01057,2268,9677,12078
01059,3420,12180,15892
01061,2530,13426,16129
01063,7555,1209,8782
01065,8983,4556,13605
01067,4065,7625,11798
01069,18125,41339,60387
01071,5723,23121,29323
01073,156384,134498,496360
01075,1768,8446,10291
01077,15509,39059,55777
01079,6107,15516,21903
01081,35482,54231,92107
01083,14541,40876,56674
01085,8748,2466,11257
01087,13501,1984,15603
01089,99748,132859,240482
01091,9935,7062,17114
01093,2271,16111,18589
01095,7548,43060,51444
01097,125215,150672,279896
01099,8018,8513,16636
01101,101891,48695,152562
01103,18608,56481,76475
01105,7256,1980,9265
01107,7296,7055,14419
01109,8752,10447,19504
01111,3974,10834,14951
01113,17236,14103,31688
01115,9005,49462,59275
01117,35213,114727,153375
01119,9051,2193,11315
01121,22174,31838,54529
01123,9860,19491,29636
01125,53228,72886,128377
01127,7154,34732,42652
01129,4355,7899,12349
01131,7842,2393,10264
01133,1315,14160,15635
04001,17083,8240,27013
04003,17448,28080,48913
04005,32404,21108,57904
04007,7003,14182,22200
04009,3301,8025,11939
04011,1092,1892,3243
04012,1575,4003,5862
04013,702907,747361,1536743
04015,17455,58282,79116
04017,16459,20577,39149
04019,224661,167428,413909
04021,47892,72819,127197
04023,11690,3897,16240
04025,35590,71330,112504
04027,24605,25165,52292
05001,1939,3826,10766
05003,2408,5338,14520
05005,4169,14682,19766
05007,28005,60871,171098
05009,2926,12235,26438
05011,1317,2164,6754
05013,639,1556,2269
05015,3342,6786,18258
05017,2350,1716,4176
05019,3620,4404,15351
05021,1199,3781,5200
05023,2101,9458,19902
05025,723,2462,3354
05027,3140,5456,25159
05029,2656,4849,13515
05031,10538,22892,35573
05033,4488,16686,22450
05035,8410,6964,27935
05037,1999,4584,6874
05039,1165,1509,2771
05041,2228,1919,7508
05043,2365,3968,6595
05045,14629,29346,74251
05047,1376,5039,6770
05049,1067,3471,7701
05051,12311,26087,68506
05053,1373,5725,12648
05055,3071,10720,23684
05057,2377,4401,7049
05059,3149,8172,11944
05061,1351,3157,4674
05063,2881,9936,13614
05065,1113,4042,9155
05067,1583,3267,8197
05069,15772,9250,25894
05071,2427,6091,16055
05073,1032,1758,2860
05075,1263,4064,10554
05077,1735,1229,5181
05079,1252,2455,3826
05081,1397,3605,8235
05083,1715,5746,14321
05085,5664,19958,27100
05087,1588,4928,6841
05089,1434,5336,7107
05091,4273,11294,26352
05093,5670,7061,13204
05095,1312,1489,5102
05097,748,2643,3559
05099,1157,2000,5302
05101,699,2875,3753
05103,4321,5351,9935
05105,1049,3008,6839
05107,4310,2446,12079
05109,685,3150,3981
05111,1880,5502,7722
05113,1212,6618,13108
05115,5000,16256,39529
05117,814,2505,5395
05119,89574,61257,257618
05121,1425,4509,6379
05123,4031,3195,13329
05125,13256,35863,86109
05127,602,2731,6136
05129,601,2955,3728
05131,12300,29127,44637
05133,1075,3282,7556
05135,1472,5407,12814
05137,1203,4113,5618
05139,5855,10456,26997
05141,1549,5382,7339
05143,33366,41476,81861
05145,5170,21077,47877
05147,1118,1347,2571
05149,1480,4608,6439
06001,514842,95922,659543
06003,334,217,602
06005,6004,10485,17963
06007,41567,45144,97002
06009,7944,13511,23531
06011,2661,3551,6697
06013,319287,115956,473014
06015,3485,5134,9558
06017,36404,49247,92293
06019,141341,124049,287062
06021,3065,5788,9470
06023,33200,18373,59878
06025,32667,12704,48091
06027,3155,4248,8179
06029,98689,129584,244163
06031,13617,18093,34310
06033,11500,10603,24684
06035,2224,7574,10699
06037,2464364,769743,3434308
06039,17029,23357,43507
06041,108707,21771,140683
06043,3122,5185,8877
06045,22079,10888,37915
06047,37317,28725,71127
06049,877,2696,3843
06051,2773,2111,5281
06053,89088,34895,132014
06055,39199,17411,61372
06057,26053,23365,54935
06059,609961,507148,1197521
06061,73509,95138,185047
06063,3459,5420,9850
06065,373695,333243,751391
06067,326023,189789,562285
06069,12521,7841,22122
06071,340818,271225,653949
06073,735476,477766,1306400
06075,345084,37688,408541
06077,121124,88936,227002
06079,67107,56164,137202
06081,237882,57929,314439
06083,107142,56365,178878
06085,512972,145138,705339
06087,95249,22438,128821
06089,22301,51778,79090
06091,601,1048,1858
06093,7234,11341,20510
06095,102360,51920,168131
06097,160435,51408,231251
06099,81647,78494,174406
06101,13076,18176,33824
06103,6809,15494,23908
06105,2214,2812,5784
06107,47585,58299,114496
06109,9123,14551,25893
06111,194402,132323,356102
06113,54752,20739,82090
06115,7910,13170,23204
08001,96558,80082,193677
08003,3189,3046,6939
08005,159885,117053,303048
08007,2500,4264,7339
08009,283,1753,2153
08011,590,1188,1927
08013,132334,41396,188145
08014,19731,14367,37690
08015,4888,5391,11250
08017,132,925,1102
08019,2729,2575,5866
08021,1771,1914,4022
08023,1125,588,1848
08025,339,1079,1527
08027,797,2061,3066
08029,4087,11655,16790
08031,244551,62690,331852
08033,242,944,1255
08035,68657,102573,187500
08037,14099,8990,25223
08039,3134,11705,15980
08041,108010,179228,318968
08043,5297,15122,21973
08045,11271,13132,26470
08047,1634,1566,3576
08049,3358,4494,8588
08051,5128,3289,9412
08053,197,339,589
08055,1633,1883,3783
08057,171,629,861
08059,160776,138177,328883
08061,91,728,855
08063,536,2967,3702
08065,1616,1270,3199
08067,15525,12587,31150
08069,93113,83430,195981
08071,2650,3710,6793
08073,409,1892,2436
08075,1851,7282,9722
08077,21729,49779,77654
08079,237,344,652
08081,874,5305,6525
08083,3973,7853,12858
08085,5466,14382,21186
08087,3151,8145,11960
08089,2943,4928,8452
08091,1697,1351,3310
08093,3421,6135,10417
08095,436,1791,2332
08097,7333,2550,10523
08099,1186,3531,5016
08101,35875,36265,78646
08103,436,2791,3450
08105,2001,3085,5534
08107,7600,5230,13986
08109,1417,1147,2835
08111,265,215,506
08113,2975,1033,4329
08115,267,1015,1364
08117,9557,5100,16174
08119,3603,9745,14444
08121,296,2299,2733
08123,46519,76651,135430
08125,726,3850,4791
09001,243852,160077,421164
09003,240403,148173,406863
09005,39775,53051,97442
09007,45357,38867,88624
09009,205609,159048,379006
09011,62278,54058,123520
09013,38506,34194,77424
09015,21792,25747,50823
10001,26471,29041,59076
10003,169799,93475,278632
10005,39333,62611,106106
11001,282830,12723,304717
12001,75820,46834,128569
12003,2112,10294,12634
12005,21797,62194,87449
12007,2924,8913,12098
12009,119679,181848,314744
12011,553320,260951,831950
12013,1241,4655,6081
12015,33445,60218,96371
12017,22789,54456,79699
12019,27822,74963,106483
12021,61085,105423,170788
12023,7601,20368,28707
12027,3781,6778,10818
12029,1270,5822,7202
12031,205704,211672,432684
12033,57461,88808,152467
12035,22026,33850,57503
12037,1744,4125,6015
12039,15020,6728,22113
12041,1458,6740,8420
12043,1271,2996,4353
12045,1720,5329,7293
12047,1904,3443,5460
12049,2149,5242,7583
12051,4615,6195,11115
12053,31795,58970,93793
12055,14937,29565,45686
12057,307896,266870,597646
12059,853,7483,8514
12061,29043,48620,80007
12063,6397,14257,21039
12065,3541,3930,7645
12067,518,2809,3392
12069,62838,102188,170462
12071,124908,191551,326418
12073,92068,53821,152115
12075,5101,13775,19395
12077,651,2543,3296
12079,3526,4851,8505
12081,71224,101944,178954
12083,62041,107833,174698
12085,30185,53204,85792
12086,624146,333999,980204
12087,18971,21904,42478
12089,10869,34266,46607
12091,23780,71893,100852
12093,3959,9356,13653
12095,329894,195216,546263
12097,85458,50301,140206
12099,374673,272402,662322
12101,90142,142101,241131
12103,233701,239201,492393
12105,117433,157430,284311
12107,10094,22138,33117
12109,43099,88684,136513
12111,66881,70289,140847
12113,18464,65339,87744
12115,97870,124438,229058
12117,105913,109436,224877
12119,22638,52730,76664
12121,3964,14287,18693
12123,2152,6930,9290
12125,1014,4568,5694
12127,109091,143007,260860
12129,4348,10512,15350
12131,6876,25756,33637
12133,2264,8637,11156
13001,1434,5494,7012
13003,697,1878,2610
13005,608,3364,4020
13007,650,775,1440
13009,7970,7697,16116
13011,684,6134,6975
13013,6580,21108,29061
13015,8212,29911,39550
13017,2101,3739,5936
13019,1047,5422,6590
13021,36787,24043,62596
13023,1101,3719,4974
13025,619,5567,6301
13027,2528,3701,6336
13029,4014,10529,15173
13031,9261,15097,25316
13033,4731,4491,9351
13035,2566,6717,9514
13037,1179,830,2025
13039,5930,12310,18901
13043,1026,2664,3763
13045,12464,30029,44121
13047,4771,20876,26757
13049,1004,2951,4016
13051,62290,45688,112142
13053,594,751,1390
13055,1613,6462,8252
13057,25231,80649,112043
13059,29603,12717,44976
13061,697,566,1273
13063,78220,12645,92859
13065,686,1727,2455
13067,160121,152912,330819
13069,4094,9588,13915
13071,3463,9898,13624
13073,18887,43085,64743
13075,1753,4176,6057
13077,16583,42533,61745
13079,1421,3635,5176
13081,2837,4549,7512
13083,965,5051,6242
13085,1448,9900,11765
13087,4124,6020,10286
13089,251370,51468,314757
13091,1839,5021,7009
13093,1872,1951,3859
13095,23311,10232,34087
13097,31005,24817,57738
13099,2168,2552,4785
13101,156,1007,1182
13103,4853,17874,23458
13105,2539,5292,7987
13107,2435,5335,7860
13109,1130,2404,3613
13111,1923,9632,11812
13113,23284,35048,60913
13115,9159,24114,34608
13117,23462,69851,98221
13119,1243,7054,8502
13121,297051,117783,431391
13123,1965,10477,12773
13125,138,1235,1390
13127,11775,21512,34263
13129,3181,15191,18959
13131,3013,6053,9213
13133,3199,5490,8852
13135,166153,146989,328331
13137,2483,13190,16243
13139,16180,51733,70694
13141,2701,843,3580
13143,1475,9585,11357
13145,4086,11936,16502
13147,2585,7286,10117
13149,743,3370,4223
13151,50057,45724,98766
13153,22553,35430,60079
13155,891,2716,3670
13157,4491,21784,27190
13159,1544,4360,6045
13161,901,4104,5096
13163,3821,3063,6968
13165,1123,1895,3056
13167,1136,2519,3686
13169,3961,8305,12551
13171,2270,5190,7612
13173,806,1984,2871
13175,6752,12411,19530
13177,3170,10646,14143
13179,9556,6134,16143
13181,1273,2759,4102
13183,1360,2626,4117
13185,15064,21635,37805
13187,2220,9619,12425
13189,3699,5432,9268
13191,2303,3487,5903
13193,2705,1540,4287
13195,2425,9201,11998
13197,1213,1921,3190
13199,3804,5222,9217
13201,623,1891,2544
13205,3493,4279,7880
13207,3571,8832,12687
13209,847,2670,3576
13211,2663,6559,9475
13213,1800,10341,12458
13215,39851,26976,69032
13217,21943,20913,43987
13219,5581,13425,20149
13221,1831,4625,6674
13223,18025,44662,64890
13225,5100,5413,10752
13227,1979,11651,14058
13229,903,6302,7311
13231,1240,7278,8725
13233,2867,11014,14215
13235,1104,2437,3605
13237,2758,6544,9488
13239,461,575,1044
13241,1444,6287,7992
13243,1598,1271,2899
13245,48814,24461,75515
13247,23255,13478,37869
13249,401,1472,1909
13251,2300,3305,5715
13253,1189,2345,3588
13255,9357,15646,25704
13257,1837,7686,9815
13259,1222,805,2058
13261,5520,5276,10974
13263,2002,1196,3246
13265,545,349,897
13267,1681,5096,6903
13269,1296,2064,3408
13271,1313,2450,3796
13273,2267,1874,4189
13275,7142,11228,18802
13277,4347,9584,14219
13279,2338,6615,9138
13281,1210,5383,6764
13283,862,1809,2703
13285,9713,15750,26111
13287,1246,2095,3398
13289,1971,2035,4059
13291,1963,9852,12063
13293,3475,7292,10934
13295,4215,18950,23956
13297,8292,31125,40698
13299,3440,8513,12184
13301,1314,991,2334
13303,4200,4149,8461
13305,2041,8153,10413
13307,473,630,1116
13309,646,1421,2102
13311,1674,9761,11823
13313,7937,21537,30658
13315,852,2096,2976
13317,1848,2572,4486
13319,1894,2333,4287
13321,2020,6152,8295
15001,41259,17501,64867
15003,175696,90326,285790
15007,16456,7574,26335
15009,33480,13446,51945
16001,75677,93752,195669
16003,415,1556,2183
16005,10342,17180,33416
16007,255,2203,2928
16009,770,3103,4185
16011,2924,10907,16625
16013,6416,3340,10724
16015,777,2673,3814
16017,5819,13343,20943
16019,8930,26699,44209
16021,933,3789,5163
16023,160,914,1230
16025,110,410,590
16027,16883,47222,72785
16029,271,2275,3035
16031,1036,5949,8178
16033,44,203,283
16035,704,2852,3801
16037,427,1777,2414
16039,1814,5816,8522
16041,385,3901,5499
16043,651,4090,5713
16045,1229,5980,7954
16047,930,3743,5191
16049,1196,6441,8233
16051,976,8436,11475
16053,1329,4644,6751
16055,16264,44449,66268
16057,8093,7265,18173
16059,733,3011,4096
16061,270,1202,1590
16063,360,1184,1748
16065,1201,8941,15688
16067,1167,4887,6871
16069,4828,10699,17201
16071,184,1531,2060
16073,591,3052,3925
16075,1507,6489,8697
16077,699,1666,2753
16079,1384,3297,5120
16081,2159,2167,4972
16083,6233,19828,29874
16085,1913,2906,5349
16087,776,3283,4455
17001,7676,22790,31883
17003,1262,1496,2820
17005,2068,4888,7470
17007,8986,12282,22666
17009,476,1796,2359
17011,6029,9281,16349
17013,739,1721,2558
17015,2447,4434,7374
17017,1621,3216,5060
17019,50137,33368,89849
17021,3992,10543,15346
17023,1877,5622,7825
17025,1020,5021,6298
17027,3945,12412,17295
17029,7309,13003,21624
17031,1611946,453287,2156395
17033,1992,6277,8661
17035,1031,4206,5522
17037,20466,19091,42790
17039,1910,5077,7479
17041,1949,5698,8099
17043,228622,166415,421761
17045,1793,5645,7815
17047,434,2778,3315
17049,3083,13635,17462
17051,1819,7372,9531
17053,1414,4480,6304
17055,4727,13116,18567
17057,6133,8492,15644
17059,657,1942,2692
17061,1205,4145,5553
17063,8065,13454,22982
17065,802,3206,4146
17067,2139,6430,8981
17069,420,1653,2137
17071,1155,2155,3487
17073,8871,13985,24299
17075,2504,9750,12958
17077,11634,10843,24207
17079,924,3975,5106
17081,4425,11695,16851
17083,2679,7748,10931
17085,4462,6121,11199
17087,1142,4649,6030
17089,103665,82734,198587
17091,18971,25129,46679
17093,24884,24961,53262
17095,10083,10737,22207
17097,171095,109767,297995
17099,19543,26689,49179
17101,1290,4521,6046
17103,5528,8612,15262
17105,4023,10208,15133
17107,3313,8181,12161
17109,5288,6795,12928
17111,61978,73355,144865
17113,36196,37237,79496
17115,18343,26866,47519
17117,6689,14322,22192
17119,50587,70490,128387
17121,4369,11859,16940
17123,1789,3785,5918
17125,2014,4058,6447
17127,1558,4846,6640
17129,1817,4231,6433
17131,3071,4807,8435
17133,5535,12629,19106
17135,3504,8630,12861
17137,4696,9076,14631
17139,1481,4455,6218
17141,8050,14352,23836
17143,38060,35633,78503
17145,2462,6855,9777
17147,2645,5634,8920
17149,1413,5754,7464
17151,375,1678,2133
17153,962,1675,2712
17155,1147,1767,3085
17157,3439,10023,14087
17159,1584,5739,7639
17161,32298,26998,63044
17163,60756,53857,120267
17165,2572,8276,11283
17167,40907,49944,96806
17169,1075,2524,3794
17171,535,1966,2591
17173,2288,8229,10944
17175,751,1778,2711
17177,7768,11083,20037
17179,20685,38707,63580
17181,2402,5790,8537
17183,10039,19087,30519
17185,1151,4047,5415
17187,2987,4275,7713
17189,1448,5571,7383
17191,1048,6967,8261
17193,1412,5640,7291
17195,11035,12615,25261
17197,151927,132720,300354
17199,8581,21570,31544
17201,55713,55624,118104
17203,5092,13207,19455
18001,2805,9648,13048
18003,55379,83867,146047
18005,9841,20639,32391
18007,860,2579,5313
18009,1243,3350,4823
18011,10181,19654,41550
18013,2518,5016,12135
18015,1892,6273,12644
18017,3759,9701,14140
18019,18808,30034,51146
18021,2306,8528,13380
18023,2819,8531,11897
18025,1323,3015,4593
18027,1800,8545,10736
18029,4883,18113,23914
18031,2121,8490,11098
18033,3941,12054,16816
18035,18100,24217,44699
18037,5389,13365,23454
18039,20740,41867,103411
18041,2252,6839,11886
18043,13939,21427,53292
18045,1476,5662,10904
18047,1969,8669,14062
18049,1960,6010,11861
18051,3721,11081,15475
18053,7010,17008,25216
18055,2929,10277,13765
18057,57214,87299,153630
18059,8901,25050,36027
18061,4783,12943,18485
18063,22600,48337,75275
18065,5124,13895,20075
18067,11220,23678,36762
18069,3542,11719,16075
18071,3843,12859,17534
18073,3329,9382,13331
18075,1889,5697,7962
18077,4326,8546,13470
18079,2364,8224,11117
18081,17317,45456,66228
18083,3819,11167,15627
18085,6313,23917,31917
18087,2080,7025,9552
18089,116935,75625,200349
18091,19798,22687,45006
18093,4210,14035,19077
18095,18600,32389,53679
18097,212866,130309,362087
18099,4798,12288,22970
18101,881,3697,5925
18103,2766,9975,13440
18105,34236,20600,58480
18107,3362,11059,15158
18109,6040,23674,31186
18111,1403,4074,7914
18113,3904,12198,16890
18115,686,2118,2917
18117,2048,5803,8192
18119,1946,6153,8522
18121,1441,4863,6576
18123,3062,4556,8025
18125,1297,4399,5979
18127,33676,38832,106124
18129,3521,8404,12467
18131,1327,3854,5437
18133,3356,10637,14680
18135,2446,7517,10459
18137,2471,9806,12790
18139,1525,5292,7214
18141,52252,52021,151248
18143,2642,6074,9060
18145,4247,12718,17935
18147,2861,6572,9959
18149,2489,6367,9226
18151,3744,10133,14539
18153,2113,6138,8559
18155,930,2558,3649
18157,27282,30768,62052
18159,1587,5589,7510
18161,715,2445,3286
18163,28530,40496,72289
18165,2081,4463,6865
18167,15931,21937,39591
18169,3018,9819,17859
18171,839,2896,5640
18173,9086,19133,38098
18175,2636,8209,14755
18177,8322,16028,37452
18179,2586,10005,16825
18181,2590,6887,14616
18183,3379,11358,19397
19001,1133,2461,3773
19003,565,1395,2084
19005,2421,4093,6874
19007,1814,4033,6099
19009,1080,2136,3382
19011,4678,8232,13705
19013,32233,27476,63570
19015,5541,7484,14034
19017,5356,7208,13367
19019,3970,5510,10147
19021,2856,4903,8194
19023,2157,4921,7456
19025,1398,3468,5110
19027,3309,6638,10454
19029,1951,4761,7068
19031,3599,5295,9430
19033,9862,11621,22709
19035,1679,4192,6193
19037,2266,3742,6372
19039,1465,2713,4415
19041,2249,5877,8554
19043,3237,5317,9059
19045,10095,11276,22800
19047,1991,4617,6878
19049,15701,19339,37717
19051,977,2723,3862
19053,1201,2296,3703
19055,2957,5694,9172
19057,8212,9529,18803
19059,3056,6753,10265
19061,22850,23460,49217
19063,1357,3124,4712
19065,3689,5620,9871
19067,3179,4375,7991
19069,1493,3163,4930
19071,963,2407,3564
19073,1691,2820,4766
19075,1856,4527,6776
19077,1732,3628,5697
19079,2726,4463,7614
19081,1587,3977,5830
19083,2787,5254,8464
19085,2131,4902,7397
19087,2904,5779,9310
19089,1677,2611,4512
19091,1252,3568,5038
19093,792,2655,3591
19095,3084,5205,8819
19097,3837,5824,10208
19099,7109,10560,18781
19101,3710,3748,8020
19103,50200,21044,75976
19105,3787,5720,10024
19107,1342,3390,4941
19109,2543,5653,8537
19111,6215,8803,15964
19113,58935,48390,115395
19115,1648,3069,4960
19117,1239,2877,4304
19119,920,5192,6345
19121,2678,5360,8565
19123,2619,7432,10537
19125,5482,10962,17593
19127,7652,9146,17752
19129,2090,5067,7639
19131,1888,3190,5383
19133,1247,3120,4533
19135,1056,2638,3851
19137,1314,3436,5005
19139,8368,9584,19221
19141,1315,5752,7370
19143,552,2531,3200
19145,1807,4893,6995
19147,1398,3081,4679
19149,2885,9680,13088
19151,963,2702,3842
19153,119804,93492,228659
19155,15355,24447,42249
19157,4304,4946,9738
19159,753,1824,2688
19161,1270,3703,5170
19163,40440,39149,85101
19165,1662,4362,6307
19167,2300,14785,18029
19169,25709,19458,49976
19171,3196,4971,8642
19173,758,2111,3009
19175,1922,3525,5775
19177,845,2527,3529
19179,5594,8715,15005
19181,10411,14814,27005
19183,3943,6173,10833
19185,719,2069,2921
19187,6305,10056,17260
19189,1931,3447,5739
19191,5254,5344,11246
19193,16210,24727,43149
19195,1530,2453,4233
19197,1896,3800,5966
20001,1433,3651,5454
20003,672,2435,3350
20005,1989,4049,6575
20007,286,1850,2252
20009,1839,7888,10268
20011,1336,4424,6093
20013,863,2906,4036
20015,6573,19073,27657
20017,316,969,1369
20019,197,1236,1481
20021,2005,6182,8620
20023,181,1173,1407
20025,120,825,1005
20027,677,2891,3820
20029,761,2919,3930
20031,727,3050,4068
20033,102,715,867
20035,3551,8270,12621
20037,5199,8624,14891
20039,178,1210,1452
20041,1609,6029,8210
20043,587,2606,3378
20045,31195,14688,50087
20047,212,1037,1319
20049,160,1048,1259
20051,2742,8466,11947
20053,521,1969,2679
20055,3195,6350,10159
20057,2149,5114,7718
20059,2892,7185,10965
20061,2722,4274,7504
20063,149,1140,1343
20065,188,1025,1284
20067,441,1804,2389
20069,263,1698,2066
20071,83,534,650
20073,485,2160,2840
20075,121,705,876
20077,393,1996,2578
20079,5068,8668,14916
20081,245,1040,1354
20083,124,855,1017
20085,1512,3939,5818
20087,2518,5213,8337
20089,180,1223,1494
20091,129852,137490,287520
20093,174,1075,1316
20095,599,2530,3334
20097,114,900,1079
20099,2291,5335,8107
20101,106,718,871
20103,10209,17638,30301
20105,215,1179,1464
20107,736,3484,4427
20109,149,1132,1357
20111,4649,6552,12288
20113,3226,8549,12742
20115,1204,4003,5624
20117,1072,3307,4673
20119,210,1415,1720
20121,3991,10003,15022
20123,477,2308,2942
20125,2637,8679,12004
20127,601,1820,2624
20129,147,995,1192
20131,725,4124,5122
20133,1501,4431,6314
20135,162,1228,1454
20137,281,1840,2234
20139,1753,4826,7046
20141,233,1460,1788
20143,424,2283,2903
20145,579,1904,2661
20147,300,2233,2664
20149,2225,7612,10693
20151,771,2838,3842
20153,163,1220,1472
20155,6837,15513,24210
20157,375,2024,2529
20159,695,2837,3804
20161,9341,10107,21532
20163,275,2031,2419
20165,233,1197,1503
20167,461,2574,3193
20169,6317,13828,22064
20171,236,1865,2202
20173,69627,104353,187236
20175,1628,3159,5038
20177,33926,35934,75365
20179,127,1197,1374
20181,347,2089,2612
20183,297,1661,2042
20185,304,1490,1896
20187,115,492,637
20189,220,1599,1891
20191,2080,6986,9691
20193,473,2908,3576
20195,198,1227,1482
20197,776,2372,3380
20199,46,721,798
20201,387,2194,2765
20203,140,769,956
20205,594,2788,3591
20207,273,1082,1443
20209,30146,15806,48624
21001,1323,6637,8231
21003,1349,6466,8091
21005,2634,8242,11420
21007,816,3161,4101
21009,4275,13483,18483
21011,1361,3082,4583
21013,1720,7764,9718
21015,15026,39082,57570
21017,2791,5569,8795
21019,6021,13591,20454
21021,4281,8040,12938
21023,705,2711,3527
21025,1537,3991,5735
21027,1960,6484,8771
21029,8255,26210,36054
21031,947,4428,5576
21033,1260,4507,5975
21035,4749,10367,16045
21037,14658,25050,58765
21039,432,2094,2601
21041,1106,2588,3855
21043,2276,7587,10274
21045,767,5482,6439
21047,7188,14108,22083
21049,4706,10710,16202
21051,752,5861,6765
21053,547,3809,4458
21055,617,3290,4037
21057,459,2502,3066
21059,14163,28907,45781
21061,979,4135,5241
21063,740,2000,2855
21065,1108,4236,5545
21067,69776,56890,136239
21069,1348,4722,6257
21071,4015,11993,16540
21073,10717,11819,23860
21075,774,1549,2382
21077,749,2443,3337
21079,1453,5904,7619
21081,1910,7268,9556
21083,3308,12671,16592
21085,1959,8219,10572
21087,832,4372,5333
21089,4146,11546,16273
21091,1244,2788,4293
21093,13944,26970,43141
21095,1372,9129,10757
21097,2031,5435,7780
21099,1730,5320,7263
21101,6707,12159,19705
21103,1828,4944,7145
21105,449,1657,2157
21107,4310,15277,20341
21109,482,4889,5500
21111,190836,143768,352957
21113,6144,15474,23306
21115,1250,8043,9572
21117,24213,42958,71947
21119,1245,4357,5763
21121,1761,9885,12012
21123,1278,4799,6367
21125,3440,20592,24824
21127,1045,4816,6042
21129,444,2151,2667
21131,400,4015,4492
21133,1542,7293,9134
21135,785,4363,5298
21137,1865,7338,9561
21139,887,3570,4643
21141,2755,7778,10899
21143,1045,2789,3961
21145,9134,20774,31294
21147,664,5012,5776
21149,988,3381,4566
21151,11793,23431,37336
21153,1172,3824,5116
21155,2679,5122,8109
21157,3672,12322,16688
21159,363,3503,3953
21161,1970,4944,7216
21163,3026,8660,12229
21165,700,2010,2780
21167,2395,7700,10544
21169,976,3491,4619
21171,601,4278,4991
21173,3158,7856,11444
21175,1006,3630,4772
21177,3272,9393,13054
21179,6434,13430,20772
21181,787,1957,2840
21183,2080,7942,10398
21185,10268,20469,32853
21187,1062,3745,4999
21189,256,1474,1759
21191,1164,4604,6007
21193,2136,8158,10572
21195,4277,19740,24650
21197,1272,3513,4957
21199,4208,22900,28034
21201,222,759,1013
21203,915,5609,6688
21205,3295,5174,8842
21207,1093,6863,8174
21209,7713,15052,24178
21211,6276,13196,20573
21213,2144,5077,7529
21215,1921,7196,9513
21217,2553,8320,11304
21219,1042,3612,4774
21221,1587,4928,6745
21223,879,2771,3788
21225,1331,4701,6211
21227,25422,39973,68643
21229,1420,4013,5630
21231,1431,6370,7991
21233,1240,4397,5805
21235,2067,11312,13769
21237,753,1804,2635
21239,4958,7697,13560
22001,5638,21162,27389
22003,2106,6867,9245
22005,16476,36143,54678
22007,3931,6714,10904
22009,5035,11165,16586
22011,2393,12238,15078
22013,3129,3756,7005
22015,12641,35474,49848
22017,53483,49006,105804
22019,26296,54191,83785
22021,788,3822,4692
22023,323,3256,3692
22025,1322,3479,4856
22027,2717,3585,6421
22029,3272,5477,8872
22031,5165,8068,13500
22033,102828,84660,196491
22035,1838,1059,2939
22037,4235,5569,10042
22039,4208,10360,14882
22041,2506,6514,9162
22043,1181,7408,8821
22045,10698,20903,32454
22047,8324,7320,16043
22049,2139,5169,7464
22051,73670,100398,181639
22053,3080,10775,14277
22055,32726,68195,105603
22057,8423,31959,41645
22059,605,5836,6569
22061,7107,10761,18669
22063,6950,48824,57730
22065,2744,1927,4732
22067,5155,6502,11852
22069,7144,8968,16621
22071,133996,24292,165812
22073,24428,41734,68017
22075,3347,6900,10573
22077,4764,6789,11761
22079,18322,36816,56844
22081,1938,2391,4422
22083,3157,6287,9597
22085,1703,7879,9787
22087,4960,10237,15815
22089,8559,16621,26192
22091,3353,2497,5964
22093,6418,5456,12085
22095,12661,7569,20743
22097,17209,21971,39977
22099,8266,16873,25750
22101,8050,14359,22877
22103,27717,90915,124392
22105,16878,33959,52416
22107,1332,1182,2548
22109,10665,31902,43896
22111,2691,7972,10894
22113,4857,20063,25632
22115,2665,13471,16633
22117,5692,12556,18628
22119,6260,11542,18145
22121,5383,6927,12712
22123,715,3970,4759
22125,2248,3390,5799
22127,1644,4608,6372
23001,23009,28227,55547
23003,13287,19270,34832
23005,102749,57642,171354
23007,6991,7888,16428
23009,16108,13682,32150
23011,29302,31675,66208
23013,12449,9157,23163
23015,10241,9727,21503
23017,12744,17579,33256
23019,32977,40490,79332
23021,3045,5292,9000
23023,10664,9304,21616
23025,8878,14602,25393
23027,10440,10378,22707
23029,5870,8995,16046
23031,54895,49770,112812
23099,579,433,1105
24001,7875,21270,30491
24003,128419,122403,267482
24005,218412,149477,387691
24009,18225,26176,47074
24011,4009,9368,14023
24013,26567,58215,90924
24015,13650,28868,45043
24017,49341,25614,77863
24019,6245,8413,15168
24021,56522,59522,124505
24023,2567,10776,13953
24025,47077,77860,132707
24027,102597,47484,160511
24029,4575,4876,9949
24031,357837,92704,473739
24033,344049,32811,388405
24035,7973,16993,26382
24037,17534,28663,49454
24039,4196,5341,9848
24041,8653,10724,20418
24043,21129,40998,65480
24045,18050,22198,42274
24047,9753,17210,28108
24510,202673,25205,237818
25001,72430,54099,135781
25003,43714,16839,65617
25005,129540,105443,252140
25007,8400,2477,11674
25009,222310,136316,385370
25011,24478,10364,38821
25013,112590,78685,206101
25015,55367,21790,84193
25017,520360,219793,796735
25019,4146,1892,6508
25021,221819,119723,367695
25023,135513,115369,271177
25025,245751,50421,313283
25027,198778,157682,389951
26001,1732,4201,6198
26003,1663,2585,4518
26005,18050,34183,55786
26007,4877,9090,14698
26009,4448,8469,13582
26011,2384,4950,7696
26013,1156,2158,3490
26015,9114,19202,30329
26017,21642,28328,52977
26019,4108,5539,10228
26021,29495,38647,72031
26023,5061,11786,17663
26025,24157,31494,58902
26027,7270,14243,22595
26029,5137,8674,14589
26031,4302,8683,13672
26033,5379,9122,15456
26035,4249,8505,13389
26037,16492,21636,40655
26039,2110,4354,6844
26041,6436,11121,18492
26043,3923,8580,13165
26045,24938,27609,56221
26047,6972,10616,18802
26049,102751,84175,196296
26051,3794,8124,12472
26053,2925,4018,7329
26055,20965,27413,51589
26057,5666,9880,16465
26059,4799,14095,19940
26061,6018,8475,15624
26063,4579,10692,15917
26065,79110,43868,131138
26067,8352,16635,26854
26069,4345,8345,13361
26071,2004,3675,5910
26073,11404,12338,25392
26075,25795,39793,69677
26077,67148,51034,126299
26079,2280,6116,8833
26081,138683,148180,308184
26083,527,814,1434
26085,1939,3159,5328
26087,12734,30037,45183
26089,6774,7239,14757
26091,16750,26430,45939
26093,34384,65680,105866
26095,681,1756,2579
26097,2085,3744,6097
26099,176317,224665,419312
26101,4979,6915,12599
26103,16042,14646,32976
26105,5281,8505,14685
26107,5827,10305,17168
26109,3539,6702,10768
26111,15635,23846,42506
26113,1565,5386,7317
26115,26863,43261,74218
26117,7874,16907,26609
26119,1287,3498,5009
26121,37304,36127,78088
26123,6212,15173,22640
26125,343070,289203,664614
26127,3973,7228,11930
26129,3030,6827,10387
26131,1176,2066,3426
26133,2705,7336,10609
26135,1044,2843,4073
26137,3556,8266,12538
26139,44973,88467,142734
26141,2400,4488,7218
26143,4287,8141,13041
26145,44396,45469,94320
26147,24553,49051,78003
26149,7526,14884,23757
26151,4873,13446,19249
26153,1369,2556,4154
26155,12546,19230,34111
26157,7429,17102,25796
26159,13258,17890,33274
26161,128483,50631,188578
26163,519444,228993,777838
26165,4436,10000,15298
27001,3134,5516,9185
27003,75500,93339,184083
27005,5208,10880,17091
27007,8688,10783,21316
27009,5640,12872,19911
27011,921,1608,2730
27013,14428,15667,33256
27015,3763,8708,13663
27017,8460,8160,18059
27019,21508,29056,55101
27021,4949,9982,15885
27023,1978,3764,6182
27025,9278,18441,30008
27027,12971,13543,29099
27029,1100,2925,4225
27031,1912,1156,3360
27033,1678,3679,5697
27035,10982,22287,35568
27037,110483,99583,228866
27039,3102,6527,10564
27041,6227,13966,21623
27043,2153,4659,7355
27045,3872,6271,10977
27047,6041,8808,15929
27049,9446,14041,25538
27051,1105,2063,3454
27053,429288,191770,672652
27055,4145,5616,10515
27057,3423,7261,11405
27059,5657,13635,20876
27061,9015,12920,23650
27063,1492,3609,5453
27065,2327,5230,8125
27067,7266,12785,21648
27069,823,1349,2363
27071,2306,3569,6313
27073,1305,2293,3839
27075,3077,2932,6472
27077,553,1540,2230
27079,4623,9182,14867
27081,860,1931,3003
27083,3825,7256,12129
27085,4978,12155,18684
27087,930,991,2074
27089,1225,3208,4794
27091,2733,7062,10469
27093,3191,8104,12197
27095,3710,8340,12949
27097,3637,12925,17534
27099,7437,8823,17576
27101,1295,2974,4642
27103,7886,8437,17915
27105,2733,5299,8591
27107,1264,1699,3232
27109,36268,35668,79280
27111,9340,20939,32285
27113,2147,4000,6672
27115,4580,8191,13729
27117,1127,3338,4779
27119,4712,8979,14698
27121,2106,3793,6294
27123,177738,70894,270130
27125,540,1141,1871
27127,1887,5137,7566
27129,2117,4890,7563
27131,14437,15429,32217
27133,1373,3091,4807
27135,1856,5451,7767
27137,57771,44630,111260
27139,28502,39948,74389
27141,13293,31053,47934
27143,1954,5193,7727
27145,25576,47617,78985
27147,6241,11198,19042
27149,2116,2799,5349
27151,1686,2963,4966
27153,2783,8485,11944
27155,630,1049,1788
27157,3866,6989,11764
27159,1684,4837,6894
27161,2838,5967,9579
27163,67086,64428,142842
27165,1814,2768,4971
27167,893,2129,3279
27169,11366,12122,25852
27171,20334,43274,69152
27173,1524,3382,5253
28001,7757,5874,13836
28003,2684,11819,14783
28005,2697,4289,7050
28007,3242,4897,8256
28009,1719,2251,4013
28011,9046,4590,13824
28013,1910,4390,6396
28015,1680,3799,5528
28017,3649,4127,7890
28019,1218,2788,4065
28021,3708,540,4272
28023,2585,5137,7791
28025,5722,4150,10003
28027,6378,2426,8912
28029,6741,6103,12982
28031,3276,5435,8811
28033,20591,43089,65695
28035,11716,15461,28064
28037,1502,2721,4290
28039,1027,8696,9891
28041,974,4335,5369
28043,4424,5970,10513
28045,3344,13811,17637
28047,21169,40354,63313
28049,67594,25275,94681
28051,6689,1309,8076
28053,3071,1151,4253
28055,395,298,699
28057,1117,8470,9737
28059,14657,33629,49567
28061,4368,4038,8475
28063,3337,490,3860
28065,3720,2466,6237
28067,7791,20133,28352
28069,2827,1778,4639
28071,7969,10872,19643
28073,5190,18751,24592
28075,11269,17741,29506
28077,2195,4091,6364
28079,3584,4782,8449
28081,10029,22220,32922
28083,7787,3212,11140
28085,4458,10550,15193
28087,11819,13271,25575
28089,20343,28265,49802
28091,3677,7836,11693
28093,8023,6587,14839
28095,5524,10167,15884
28097,2115,2818,4996
28099,2715,7679,10553
28101,2756,6548,9438
28103,4347,1200,5574
28105,8859,8576,18124
28107,7431,7449,15064
28109,3604,17782,21883
28111,1220,4135,5432
28113,8043,8009,16310
28115,2386,10336,12984
28117,2067,7648,9872
28119,2312,1001,3365
28121,14110,47178,62768
28123,4268,6122,10522
28125,1479,692,2190
28127,3874,7393,11419
28129,1617,5928,7627
28131,1573,5306,7045
28133,6725,2794,9598
28135,3337,2462,5870
28137,3926,7495,11627
28139,1842,7240,9235
28141,999,7166,8371
28143,2667,853,3567
28145,2012,9235,11496
28147,2790,4056,6919
28149,9284,9767,19416
28151,11380,5244,16825
28153,3524,5990,9599
28155,1019,3976,5069
28157,2857,1318,4218
28159,3850,4910,8881
28161,2582,3376,6077
28163,5369,4598,10070
29001,3500,6030,10226
29003,2045,6665,9140
29005,541,2060,2730
29007,2570,6981,10061
29009,2710,11428,14605
29011,795,4959,5939
29013,1618,6001,8031
29015,2025,7213,9590
29017,705,4827,5676
29019,41125,36200,83868
29021,12013,21320,35659
29023,3036,13650,17259
29025,838,3232,4312
29027,4989,13057,19193
29029,4768,16944,22514
29031,8492,27017,37038
29033,745,3480,4361
29035,436,2324,2850
29037,14846,33098,50990
29039,1011,5021,6288
29041,888,2950,3969
29043,8508,30946,41531
29045,724,2458,3316
29047,45304,57476,110176
29049,2572,7067,10208
29051,10913,24616,37374
29053,1932,5624,7986
29055,1824,7724,9920
29057,637,3184,3951
29059,1272,5895,7453
29061,730,2767,3738
29063,824,3540,4594
29065,978,5600,6791
29067,984,5486,6666
29069,2360,8026,10578
29071,12341,35430,50113
29073,1520,5670,7451
29075,605,2304,3043
29077,42728,78035,129231
29079,780,3462,4428
29081,574,2965,3689
29083,2357,7075,9866
29085,1016,3542,4724
29087,347,1926,2355
29089,1283,3277,4868
29091,2881,13893,17455
29093,933,3173,4269
29095,71237,91557,173275
29097,10572,35070,48326
29099,31568,69036,106238
29101,5930,13719,21132
29103,379,1416,1870
29105,2553,12881,16051
29107,4053,10988,15876
29109,2901,13089,16715
29111,934,3344,4456
29113,5575,18159,24962
29115,1240,4088,5587
29117,1265,4879,6421
29119,1329,6599,8242
29121,1548,5798,7631
29123,1005,4102,5321
29125,794,3561,4500
29127,2994,9419,12938
29129,216,1486,1745
29131,1750,9285,11416
29133,1458,3600,5169
29135,1237,5347,6830
29137,853,3159,4156
29139,1119,4127,5429
29141,1768,6760,8821
29143,1933,5270,7357
29145,4990,20553,26606
29147,2529,6380,9458
29149,865,3671,4668
29151,998,5856,7090
29153,724,3639,4505
29155,1947,3964,6027
29157,1520,6908,8740
29159,4324,12810,18111
29161,4766,12709,18553
29163,1806,5274,7382
29165,20057,25933,49100
29167,2631,10438,13763
29169,2922,9876,13488
29171,353,1936,2346
29173,1138,3969,5266
29175,2283,7529,10309
29177,3090,7104,10869
29179,540,2406,3038
29181,830,4522,5524
29183,68626,121650,201005
29185,936,3501,4630
29186,2542,5496,8469
29187,6250,17468,24728
29189,286704,202434,514858
29195,2789,5977,9274
29197,354,1505,1936
29199,365,1525,1968
29201,3575,13168,17256
29203,776,2966,3904
29205,606,2524,3255
29207,1876,11079,13291
29209,2887,13158,16567
29211,526,1884,2486
29213,4373,18276,23515
29215,1728,8875,10956
29217,1707,6533,8599
29219,3915,11111,15784
29221,1926,7048,9282
29223,948,4658,5762
29225,3177,12840,16743
29227,195,808,1046
29229,1170,6707,8119
29380,97735,24654,128601
29510,104235,20832,130884
30001,1143,3353,4849
30003,2094,1853,4237
30005,1202,1268,2684
30007,573,2348,3133
30009,1828,3748,5991
30011,70,678,786
30013,12175,19632,34571
30015,732,1679,2603
30017,1176,3657,5185
30019,168,730,962
30021,787,3320,4374
30023,2058,1763,4206
30025,154,1279,1484
30027,1202,4269,5840
30029,13293,30240,46571
30031,24246,23802,53819
30033,34,653,718
30035,3121,1620,5075
30037,71,365,474
30039,472,1192,1777
30041,2371,3478,6445
30043,1998,4177,6714
30045,235,872,1208
30047,4776,7530,13181
30049,14478,16895,34478
30051,206,698,961
30053,2041,6729,9330
30055,154,862,1060
30057,1180,3297,4778
30059,193,729,977
30061,519,1330,2012
30063,31543,22250,59203
30065,332,1967,2441
30067,3595,4980,9359
30069,30,278,322
30071,318,1723,2171
30073,738,1799,2723
30075,127,884,1053
30077,551,2029,2794
30079,100,556,689
30081,6223,14810,22556
30083,671,3908,4871
30085,1560,1797,3652
30087,987,2253,3453
30089,1218,4286,5953
30091,477,1241,1835
30093,8619,6376,16452
30095,908,3661,4873
30097,402,1595,2107
30099,808,2170,3188
30101,402,1497,2037
30103,59,351,443
30105,886,2698,3894
30107,179,702,946
30109,55,463,541
30111,22171,40920,69108
31001,3302,9287,13513
31003,383,2732,3281
31005,17,244,273
31007,19,357,402
31009,30,276,317
31011,414,2299,2905
31013,965,3617,4924
31015,128,983,1156
31017,153,1385,1597
31019,4763,14569,21129
31021,930,2367,3558
31023,691,3079,3981
31025,3484,8452,12933
31027,571,3532,4420
31029,171,1648,1898
31031,317,2623,3118
31033,711,3665,4711
31035,477,2422,3065
31037,859,2171,3214
31039,719,3122,4074
31041,641,4695,5652
31043,2314,3616,6279
31045,801,2632,3676
31047,2136,5984,8635
31049,120,809,984
31051,556,2041,2782
31053,4544,9933,15529
31055,113798,108077,240433
31057,89,823,953
31059,613,2130,2941
31061,250,1347,1673
31063,161,1110,1328
31065,304,1921,2340
31067,2935,6380,10048
31069,153,869,1075
31071,121,821,980
31073,166,794,1010
31075,20,367,405
31077,210,912,1175
31079,6282,14408,22060
31081,878,3783,5004
31083,287,1677,2052
31085,30,472,514
31087,161,1232,1468
31089,531,4354,5118
31091,40,355,417
31093,544,2284,2994
31095,837,2399,3494
31097,563,1355,2089
31099,550,2531,3296
31101,571,3235,4034
31103,40,460,519
31105,230,1330,1677
31107,720,3188,4115
31109,61898,61588,136223
31111,2913,12164,16131
31113,32,400,453
31115,48,323,385
31117,14,257,287
31119,2711,10628,14343
31121,602,2926,3788
31123,284,1802,2209
31125,281,1261,1621
31127,785,2116,3161
31129,353,1726,2205
31131,2025,4860,7457
31133,279,974,1327
31135,161,1217,1455
31137,572,3849,4695
31139,382,3052,3630
31141,2646,10965,14433
31143,413,2028,2582
31145,645,4258,5170
31147,818,2769,3805
31149,70,687,798
31151,1733,3004,5136
31153,28033,45143,80580
31155,2523,7555,10860
31157,3207,10076,14317
31159,1875,5454,7922
31161,287,2211,2608
31163,340,1150,1573
31165,81,616,736
31167,417,2187,2801
31169,499,2051,2690
31171,30,344,393
31173,919,1043,2088
31175,339,1780,2205
31177,2623,7424,10832
31179,835,2693,3776
31181,306,1330,1708
31183,62,377,465
31185,1186,4700,6381
32001,2210,7827,10935
32003,402172,319938,766970
32005,8450,17411,27877
32007,3401,13550,18558
32009,64,323,416
32011,74,723,854
32013,1381,4513,6420
32015,403,1828,2413
32017,285,1671,2132
32019,6144,16004,23757
32021,636,1177,1994
32023,5093,13321,19591
32027,429,1403,1981
32029,752,1615,2557
32031,97321,94650,209733
32033,707,2721,3771
32510,9610,13125,25016
33001,10214,15012,26911
33003,12987,14635,29616
33005,14132,13045,29222
33007,6563,7952,15627
33009,23612,17169,43918
33011,51958,60983,121199
33013,25727,27813,57456
33015,71083,86815,168048
33017,15866,12879,31019
33019,7681,8116,17046
34001,60924,52690,117360
34003,231211,175529,422251
34005,121340,88404,220613
34007,146724,72640,226987
34009,18750,28446,48706
34011,27771,24453,54308
34013,240837,63176,310921
34015,66870,67544,139526
34017,164538,49139,221276
34019,28898,38712,70940
34021,104775,46193,158046
34023,193044,122953,326049
34025,137181,166723,314348
34027,115249,126071,250410
34029,87150,179079,274356
34031,116759,72902,194794
34033,11904,16381,29494
34035,85689,65505,157070
34037,24212,46658,74112
34039,147414,68114,223559
34041,16999,29556,48616
35001,143417,94698,274662
35003,427,1464,2049
35005,5534,12872,20271
35006,3741,3195,8063
35007,2129,2585,5332
35009,3121,9035,13370
35011,193,620,910
35013,37947,25374,70648
35015,5033,13147,19667
35017,6276,5288,12811
35019,970,595,1827
35021,156,311,527
35023,784,910,1872
35025,3930,12495,17712
35027,2331,5896,8902
35028,5562,3359,10885
35029,3195,3478,7295
35031,13576,5104,21703
35033,1536,665,2441
35035,6124,11887,20060
35037,1017,2212,3572
35039,9592,3599,14878
35041,1454,3884,5950
35043,27707,25905,61690
35045,12865,27946,46110
35047,7285,2313,10751
35049,50793,14332,71434
35051,1612,3010,5181
35053,3313,2616,6868
35055,10668,2727,15260
35057,1785,3714,6324
35059,320,1216,1702
35061,10841,13215,27592
36001,83071,47808,138146
36003,4882,12525,18516
36005,353646,37797,433535
36007,39212,40943,85811
36009,9497,19692,30875
36011,13522,17384,32949
36013,19091,31594,53749
36015,13757,20097,36025
36017,6775,11921,19970
36019,15059,14449,31485
36021,15284,13756,30902
36023,8771,9900,20274
36025,6627,11942,19596
36027,62284,61810,129683
36029,215456,188303,423625
36031,7762,7958,16868
36033,7297,8221,16952
36035,6496,13462,21048
36037,7650,16915,26208
36039,7405,13073,22050
36041,949,2064,3176
36043,8083,16699,26187
36045,13809,21763,37859
36047,640553,141044,857520
36049,3146,7400,11174
36051,10697,17290,30031
36053,11667,15936,30064
36055,188592,136582,347790
36057,6595,11301,18854
36059,332154,292025,642250
36061,579013,64930,732423
36063,35559,51961,92402
36065,33743,51437,90390
36067,112337,83649,207695
36069,22225,26025,51587
36071,68278,76645,151838
36073,4470,10936,16569
36075,17095,27688,47625
36077,10451,13308,25415
36079,19366,27024,48151
36081,517220,149341,735550
36083,32717,33726,70742
36085,74143,101437,193168
36087,69342,60911,135087
36089,16488,19942,38682
36091,50913,54575,113695
36093,33747,28953,66451
36095,4240,8831,13943
36097,3088,5049,8689
36099,5698,7235,13836
36101,12526,26831,41608
36103,303951,350570,681254
36105,12568,15931,29931
36107,7526,13260,22053
36109,28890,10371,42513
36111,44597,35239,84375
36113,13091,15751,30960
36115,9098,13610,24528
36117,13473,23380,39687
36119,272926,131238,420593
36121,3904,12442,17199
36122,3659,5660,10066
37001,29833,38815,70659
37003,3767,13893,18120
37005,1306,3814,5249
37007,5859,4506,10497
37009,3500,9412,13244
37011,1689,6298,8176
37013,8764,14543,23758
37015,5778,3456,9307
37017,7058,8550,15831
37019,23282,42720,67815
37021,75452,55716,136988
37023,11251,26238,38596
37025,35521,53819,92316
37027,8425,26621,36018
37029,1274,3546,4977
37031,9939,26569,37503
37033,4792,6026,11041
37035,21216,48324,71666
37037,21065,17105,39437
37039,2860,10844,14083
37041,2992,4014,7179
37043,1367,4437,5956
37045,14964,28479,44368
37047,9063,14272,23641
37049,17630,27731,46621
37051,71605,51265,126422
37053,2913,9163,12585
37055,7222,11460,19408
37057,18109,54317,74372
37059,5270,15602,21550
37061,8283,12217,20771
37063,121250,28350,154134
37065,16224,8261,24780
37067,94464,75975,176258
37069,12874,16368,30072
37071,31177,61798,95558
37073,2385,2874,5367
37075,768,3283,4125
37077,12909,13591,27138
37079,3605,4374,8068
37081,149248,98062,254738
37083,15748,9031,25069
37085,16737,27614,45676
37087,10473,18929,30424
37089,19827,35809,57489
37091,6910,3099,10142
37093,9726,7760,18090
37095,965,1288,2296
37097,24734,54754,81813
37099,7713,9870,18437
37101,28362,54372,85193
37103,2065,2974,5098
37105,10469,13712,24893
37107,12634,13613,26664
37109,9897,28806,39718
37111,4667,14568,19646
37113,4876,12127,17506
37115,3926,6783,11166
37117,5846,5897,11917
37119,294562,155518,466920
37121,1596,6282,8040
37123,4150,7130,11489
37125,16329,30490,48228
37127,23235,23319,47364
37129,50979,55344,110721
37131,6144,3582,9819
37133,17514,37122,56654
37135,59923,18557,81343
37137,2448,4258,6840
37139,8615,8180,17269
37141,9354,17639,27728
37143,2319,4177,6665
37145,7833,11185,19473
37147,41824,35691,79847
37149,3735,6768,10827
37151,13194,49430,64129
37153,8501,10383,19241
37155,19016,20762,40606
37157,14228,26830,41984
37159,19400,42810,63805
37161,7512,21871,30046
37163,10547,14838,25778
37165,7319,6256,13855
37167,7094,21964,29748
37169,4665,17116,22377
37171,7488,23671,31946
37173,2196,3565,6030
37175,6558,10520,17649
37177,720,975,1728
37179,34337,66707,104534
37181,12229,7332,19880
37183,302736,196082,520018
37185,6413,3214,9773
37187,3510,2564,6140
37189,14138,13697,29446
37191,21770,27540,50306
37193,6638,23752,31068
37195,19663,17531,37879
37197,3160,13880,17473
37199,3196,6385,9883
38001,216,909,1211
38003,1597,3160,5258
38005,842,929,1942
38007,59,495,598
38009,736,2494,3451
38011,227,1446,1771
38013,119,895,1048
38015,10881,32532,46927
38017,31361,39816,78969
38019,476,1357,1971
38021,554,1667,2388
38023,245,867,1197
38025,358,1771,2219
38027,355,791,1221
38029,215,1677,1964
38031,347,1241,1704
38033,99,796,946
38035,10851,16340,29753
38037,185,1108,1371
38039,298,847,1247
38041,168,1050,1279
38043,179,1111,1364
38045,502,1481,2125
38047,114,888,1053
38049,490,2050,2772
38051,235,1100,1430
38053,698,3670,4606
38055,1081,3860,5258
38057,621,3759,4616
38059,3080,11336,15569
38061,1220,2582,4052
38063,536,1025,1695
38065,119,830,1006
38067,681,2208,3098
38069,431,1437,2024
38071,1505,3217,5219
38073,838,1210,2322
38075,201,993,1274
38077,2064,4767,7469
38079,2099,1217,3672
38081,694,1088,1980
38083,95,650,781
38085,758,260,1180
38087,43,362,429
38089,1753,9755,12164
38091,361,538,987
38093,2498,6718,9967
38095,305,733,1138
38097,1241,2265,3871
38099,1167,2995,4548
38101,5806,18636,26916
38103,419,1796,2355
38105,1735,10069,12588
39001,2326,8659,11359
39003,13294,30487,45894
39005,5740,17493,24590
39007,15577,23318,40867
39009,16370,11354,29443
39011,3980,18658,23627
39013,8785,21108,31122
39015,4353,14573,19607
39017,58642,106976,173839
39019,3154,9254,13074
39021,4594,12631,18104
39023,23328,35205,61429
39025,26715,67518,99121
39027,4066,13838,18675
39029,12432,31676,46201
39031,4013,10785,15552
39033,4625,13611,19237
39035,398271,184211,603822
39037,4470,20012,25484
39039,5368,11688,18192
39041,40872,57568,103860
39043,16057,19648,37578
39045,24881,44314,72913
39047,2739,7995,11162
39049,351198,199331,581140
39051,6069,13709,21225
39053,2628,9822,12931
39055,17569,30227,49941
39057,28943,48540,81858
39059,4359,11445,16557
39061,215719,173665,409109
39063,9609,24183,36023
39065,2920,8717,12294
39067,1688,5098,7079
39069,3756,9301,13932
39071,3773,14020,18501
39073,3775,8497,12838
39075,1788,8720,11054
39077,7192,16226,24834
39079,3226,9949,13693
39081,9675,21117,32201
39083,8171,19131,28687
39085,46397,64255,116246
39087,6974,18689,26607
39089,27376,51241,82761
39091,4647,15957,21571
39093,66949,66818,140562
39095,110833,75698,197556
39097,4779,11631,17290
39099,57381,53616,115072
39101,7928,16961,26322
39103,32182,54810,91373
39105,2260,7309,9985
39107,3384,17506,21726
39109,13120,37079,52734
39111,1662,4868,6795
39113,122016,123909,258301
39115,1736,4431,6443
39117,3761,11948,16548
39119,11123,24056,36991
39121,1221,4549,6013
39123,8285,12653,22218
39125,2093,6500,9047
39127,4138,10228,14995
39129,6529,17076,24745
39131,3539,7902,11879
39133,32397,39971,76139
39135,4325,15446,20565
39137,2922,14961,18767
39139,16085,36590,55214
39141,10356,18652,30380
39143,9929,16316,28044
39145,9132,20550,30784
39147,7404,14825,23987
39149,4243,18590,23740
39151,68146,98388,175239
39153,134256,112026,257979
39155,43014,49024,96029
39157,12188,26918,41289
39159,7718,18096,27429
39161,2697,10469,13770
39163,1351,3883,5502
39165,33730,77643,117267
39167,8026,20514,29840
39169,15031,32270,49853
39171,4358,11939,17308
39173,27318,32498,64341
39175,2515,7468,10592
40001,1382,4787,6513
40003,216,1933,2258
40005,795,4084,5018
40007,176,1993,2243
40009,960,6308,7552
40011,711,2884,3793
40013,2804,10478,13818
40015,2420,6482,9348
40017,11674,39986,55278
40019,4002,13752,18534
40021,5456,9994,16490
40023,1067,4206,5426
40025,71,963,1079
40027,38829,62538,109450
40029,411,1898,2399
40031,11463,19183,32564
40033,424,2054,2602
40035,1252,4283,5785
40037,5841,21575,28830
40039,2104,7826,10541
40041,3311,11826,15716
40043,222,1965,2248
40045,155,1611,1827
40047,4397,16009,21710
40049,1855,8253,10546
40051,3882,17316,22286
40053,288,1827,2201
40055,323,1482,1896
40057,225,715,977
40059,134,1318,1499
40061,882,3701,4738
40063,961,3388,4526
40065,1473,5969,7806
40067,365,1910,2350
40069,786,3093,4018
40071,3738,12172,16803
40073,786,5156,6131
40075,767,2596,3493
40077,797,3100,4056
40079,3250,13362,17221
40081,2430,10854,14025
40083,4248,13633,18979
40085,735,2922,3789
40087,2894,13169,16858
40089,1802,8656,10726
40091,2123,5505,7963
40093,310,2948,3407
40095,1096,4206,5492
40097,3423,11555,15717
40099,1087,4175,5528
40101,7977,15043,24216
40103,901,3715,4878
40105,742,3321,4237
40107,943,2800,3943
40109,112813,141569,273942
40111,4385,8944,13949
40113,5597,12577,18966
40115,2584,7631,10690
40117,1344,4729,6364
40119,8788,16651,27760
40121,3711,12753,17271
40123,3637,10431,14831
40125,6015,17848,25452
40127,748,3581,4483
40129,151,1547,1759
40131,7902,30913,40862
40133,2071,5613,8037
40135,3061,10888,14437
40137,3086,14182,17904
40139,858,4621,5780
40141,657,1944,2706
40143,87847,144258,247054
40145,6723,23005,31300
40147,5048,15825,22224
40149,588,3854,4631
40151,522,2947,3668
40153,873,6347,7595
41001,1797,6218,8562
41003,29193,13445,46925
41005,102095,88392,205541
41007,9252,8138,18932
41009,10167,13217,25602
41011,10448,17865,30479
41013,2637,8511,11823
41015,4300,7212,12283
41017,42444,45692,95292
41019,14096,34582,52112
41021,239,671,996
41023,739,3210,4206
41025,683,2912,3859
41027,6510,3272,10593
41029,44447,53870,105686
41031,2980,5483,9138
41033,13453,26923,43262
41035,7210,20435,29678
41037,639,3022,3854
41039,102753,67141,184672
41041,12501,10039,24418
41043,17995,33488,56253
41045,2246,7194,10044
41047,57788,63377,131091
41049,1017,2721,4028
41051,292561,67954,386346
41053,16420,18940,38521
41055,202,732,989
41057,5768,6538,13399
41059,7673,17059,26678
41061,3249,8431,12551
41063,1116,2848,4225
41065,4781,5833,11542
41067,153251,83197,257719
41069,155,591,802
41071,19301,23250,46641
42001,14219,31423,47489
42003,366934,259125,649008
42005,7178,23484,31618
42007,32531,48167,83571
42009,3645,19552,23637
42011,78437,96626,183065
42013,13958,39135,54909
42015,6369,18141,25708
42017,167060,164361,344297
42019,28584,64428,97071
42021,18867,42258,63072
42023,531,1589,2186
42025,8936,18743,28776
42027,37088,35274,76148
42029,141682,116114,268800
42031,4273,12576,17535
42033,8200,24932,34271
42035,4744,10022,15394
42037,8934,18004,28228
42039,10971,24987,37492
42041,47085,69076,121617
42043,64706,60863,130872
42045,177402,110667,297634
42047,3853,10025,14426
42049,58112,60069,123679
42051,17946,34590,53767
42053,626,1683,2401
42055,17465,49768,69731
42057,912,5694,6771
42059,4482,10849,15764
42061,4539,14494,19706
42063,11528,24888,37770
42065,3650,15192,19478
42067,1821,8273,10454
42069,51983,48384,103456
42071,91093,137914,241112
42073,14009,25428,40753
42075,18953,40525,61845
42077,81324,73690,160993
42079,52451,78688,134983
42081,13020,35627,50565
42083,4025,11635,16296
42085,18733,31544,52309
42087,3877,14094,18601
42089,33918,33386,69752
42091,256082,162731,434687
42093,2857,5288,8556
42095,66272,71736,143519
42097,9788,25427,36622
42099,4632,15616,21158
42101,584025,108748,707631
42103,9256,16056,26101
42105,1302,6251,7784
42107,16770,44001,62869
42109,4002,11725,16363
42111,7376,27379,35773
42113,750,2291,3136
42115,5123,12891,18863
42117,3901,13614,18325
42119,6180,10622,17468
42121,6309,16021,23348
42123,5145,12477,18434
42125,36322,61386,101450
42127,7008,16244,24018
42129,59669,116522,182051
42131,3811,8837,13144
42133,68524,128528,205986
44001,14609,8965,24868
44003,37788,38336,80248
44005,22851,15077,40099
44007,142899,90882,244102
44009,33741,27230,64665
45001,3741,6763,16201
45003,25455,46025,114804
45005,2735,789,6039
45007,21097,56232,120161
45009,3898,2204,10523
45011,4400,4889,15202
45013,32138,42922,118170
45015,30705,44587,123222
45017,3573,3787,11788
45019,89299,75443,263478
45021,6092,15167,33245
45023,6579,7265,20982
45025,6858,9312,25479
45027,7732,7386,24369
45029,7627,9091,26073
45031,13888,14989,47776
45033,5834,5637,16062
45035,24055,34987,93349
45037,4491,6842,17564
45039,6945,4027,17252
45041,26710,29573,89621
45043,13310,17389,49125
45045,74483,127832,319682
45047,10711,16961,43279
45049,5170,3488,13510
45051,39410,89288,207210
45053,5956,5187,15342
45055,10330,17542,43469
45057,13812,23719,57674
45059,8889,16816,36967
45061,5199,2803,13567
45063,35230,80026,174413
45065,2479,2652,7948
45067,8569,5444,21915
45069,5954,4267,16465
45071,6217,10017,23224
45073,7998,24178,49404
45075,26318,11931,67629
45077,10354,36236,70698
45079,108000,52469,256363
45081,2813,5526,12270
45083,39997,76277,180380
45085,24047,18745,70221
45087,4729,7061,16594
45089,9953,4864,25103
45091,41593,66754,169967
46003,340,974,1407
46005,1912,4455,6772
46007,412,666,1149
46009,704,2105,2974
46011,4879,6748,12680
46013,5452,9613,16113
46015,571,1565,2288
46017,296,171,490
46019,693,3355,4346
46021,105,704,831
46023,935,2382,3433
46025,398,1139,1657
46027,2608,2109,5069
46029,3174,7764,11669
46031,535,588,1175
46033,1120,3290,4716
46035,2355,5157,7952
46037,974,1627,2747
46039,570,1366,2080
46041,887,723,1707
46043,214,1338,1605
46045,380,1433,1918
46047,821,2511,3563
46049,204,858,1118
46051,970,2381,3562
46053,391,1600,2091
46055,77,936,1044
46057,555,2051,2762
46059,334,1391,1818
46061,424,1497,2006
46063,38,694,769
46065,2449,5174,8173
46067,692,2517,3365
46069,125,543,690
46071,323,722,1095
46073,264,648,967
46075,69,450,558
46077,703,1680,2551
46079,2314,4038,6786
46081,3356,7411,11842
46083,8076,15499,25231
46085,369,977,1421
46087,623,1794,2587
46089,192,892,1137
46091,754,1056,1947
46093,2223,8441,11621
46095,238,402,683
46097,281,706,1064
46099,30610,42043,78263
46101,1042,1729,2930
46103,14074,29804,47741
46105,188,1333,1606
46107,215,1069,1335
46109,1539,2142,3886
46111,241,819,1123
46113,2504,241,2896
46115,919,1854,2951
46117,329,1148,1567
46119,137,679,861
46121,1505,487,2125
46123,462,2069,2630
46125,961,2937,4150
46127,2227,5288,7895
46129,457,1896,2477
46135,3301,5654,9616
46137,352,368,766
47001,9013,19212,29881
47003,3395,11486,15355
47005,1474,4716,6328
47007,897,3622,4664
47009,12100,37443,52208
47011,7070,29768,38666
47013,2248,9870,12532
47015,1127,4007,5314
47017,2327,7756,10384
47019,3453,16898,21084
47021,3878,11297,15924
47023,1243,5081,6507
47025,1832,8602,10740
47027,707,2141,2920
47029,1981,9791,12126
47031,4743,14417,19971
47033,1303,3982,5397
47035,5202,20413,26360
47037,148864,84550,249068
47039,894,3588,4592
47041,1569,5171,6955
47043,4722,13233,18699
47045,2816,10180,13336
47047,5874,13055,19394
47049,1100,6038,7333
47051,4374,11532,16404
47053,5258,13786,19547
47055,2917,7970,11137
47057,1154,6626,8008
47059,4216,18562,23583
47061,999,3636,4763
47063,4075,15857,20692
47065,55316,78733,142408
47067,322,1843,2231
47069,4185,4919,9273
47071,1622,8012,9949
47073,3507,16648,20774
47075,3711,3013,6834
47077,1800,8138,10217
47079,3063,9508,12945
47081,1824,5695,7813
47083,866,2182,3168
47085,1967,4930,7153
47087,1129,3236,4466
47089,3494,14776,19072
47091,988,5410,6579
47093,62878,105767,180697
47095,577,1357,1970
47097,3056,4884,8087
47099,2821,12420,15666
47101,890,3585,4622
47103,2554,10398,13348
47105,4919,17610,23391
47107,3510,14691,18755
47109,1848,7841,10038
47111,1072,6263,7504
47113,15448,21335,38120
47115,2832,7696,10862
47117,2852,8184,11455
47119,10038,23799,35369
47121,856,3342,4320
47123,3186,13374,17093
47125,21699,32341,57620
47127,496,2325,2926
47129,1054,5441,6705
47131,2426,9526,12249
47133,1945,6059,8229
47135,597,2167,2855
47137,536,2021,2615
47139,1252,5097,6520
47141,6851,19002,27212
47143,1942,8660,11062
47145,4837,15880,21669
47147,6637,19410,27113
47149,36706,64515,107436
47151,934,6044,7123
47153,1053,4441,5694
47155,6297,28629,36312
47157,208992,116344,337383
47159,1689,5494,7436
47161,1222,3864,5299
47163,12578,46979,62278
47165,18161,50129,71505
47167,5785,16910,23481
47169,946,2103,3160
47171,1262,5671,7195
47173,1012,5053,6247
47175,539,1820,2419
47177,3535,9540,13612
47179,13024,34252,49750
47181,717,5036,5857
47183,2772,9008,12184
47185,1845,7671,9825
47187,31013,68212,106271
47189,14385,39406,56734
48001,3369,13206,16982
48003,838,3924,4944
48005,7538,21666,29909
48007,2465,7740,10512
48009,394,3785,4282
48011,58,875,960
48013,4651,8618,13673
48015,2320,9637,12274
48017,397,1344,1793
48019,1726,8163,10218
48021,10569,16328,28454
48023,191,1267,1499
48025,3444,4744,8485
48027,37801,51998,94994
48029,319550,240333,589645
48031,1244,4212,5685
48033,31,330,365
48035,1277,6325,7823
48037,8831,24913,34582
48039,43200,72791,121181
48041,23120,38734,67206
48043,1873,2077,4252
48045,91,625,736
48047,1937,613,2596
48049,1621,12017,14026
48051,1491,5316,6960
48053,3797,14638,19204
48055,4795,6691,12092
48057,2118,4638,6965
48059,569,4865,5579
48061,59319,29432,91951
48063,1260,3201,4542
48065,249,2617,2961
48067,2387,9670,12283
48069,526,1414,1997
48071,2948,13339,16786
48073,3469,12919,16790
48075,253,1802,2084
48077,536,4377,5018
48079,190,679,901
48081,140,1267,1425
48083,388,3177,3643
48085,140624,201014,361419
48087,145,983,1156
48089,1987,6325,8513
48091,14238,45136,62178
48093,789,4333,5237
48095,148,885,1068
48097,2351,13178,15951
48099,5064,12225,18253
48101,91,506,610
48103,299,1049,1384
48105,372,980,1395
48107,468,1181,1728
48109,454,280,767
48111,222,1261,1544
48113,461080,262945,758973
48115,835,2636,3563
48117,1185,2911,4216
48119,400,1836,2281
48121,110890,170603,298645
48123,1163,5519,6844
48125,128,755,909
48127,2173,974,3225
48129,191,1225,1465
48131,2783,1316,4168
48133,776,6011,6963
48135,10249,25020,36530
48137,303,746,1073
48139,16253,44941,63673
48141,147843,55512,214008
48143,2160,11210,13893
48145,1684,3441,5248
48147,2123,9536,12021
48149,2127,8648,11062
48151,403,1265,1729
48153,435,1474,1959
48155,113,383,513
48157,134686,117291,262066
48159,665,3583,4378
48161,1471,6026,7684
48163,2444,1856,4400
48165,597,3907,4620
48167,43658,73757,122903
48169,230,1225,1484
48171,2288,10446,13214
48173,34,553,604
48175,973,2620,3708
48177,1571,4587,6334
48179,701,6500,7405
48181,10301,35325,47416
48183,11677,28764,41749
48185,2194,7065,9533
48187,18391,36632,57822
48189,2101,6366,8858
48191,164,893,1091
48193,479,3060,3620
48195,171,1730,1947
48197,249,1207,1513
48199,2780,19606,22780
48201,707914,545955,1312112
48203,7151,18749,26548
48205,172,1727,1948
48207,314,1403,1770
48209,33224,33826,72164
48211,181,1462,1695
48213,5669,23650,30045
48215,118809,48642,173437
48217,2547,10108,12970
48219,1257,5782,7282
48221,4008,21382,26262
48223,2510,10707,13538
48225,1978,6205,8353
48227,1768,6635,8719
48229,324,503,871
48231,6396,23910,31554
48233,854,7042,8155
48235,90,660,766
48237,314,2973,3350
48239,904,4266,5302
48241,2582,10577,13376
48243,422,694,1190
48245,42443,42862,87618
48247,1635,430,2119
48249,6688,5411,12361
48251,10988,44382,57606
48253,936,4819,5960
48255,1145,2965,4198
48257,10278,29587,41265
48259,3643,15700,20120
48261,99,84,186
48263,59,360,434
48265,4681,17727,23297
48267,206,1697,1952
48269,5,149,159
48271,458,936,1430
48273,4713,4364,9506
48275,247,1078,1367
48277,3583,14561,18611
48279,770,3040,3925
48281,1483,6385,8205
48283,1129,871,2057
48285,1170,7347,8661
48287,1372,4997,6535
48289,909,6391,7439
48291,4862,18892,24267
48293,1778,5796,7739
48295,135,1159,1332
48297,742,3464,4302
48299,1825,8299,10447
48301,4,57,64
48303,28023,65651,99013
48305,403,1546,2009
48307,482,2552,3103
48309,27063,48260,79075
48311,40,454,499
48313,881,3351,4289
48315,1165,2983,4238
48317,266,1455,1762
48319,354,1656,2057
48321,3500,8366,12196
48323,10397,2816,13588
48325,4634,12085,17246
48327,154,682,864
48329,10025,36973,49212
48331,2051,6364,8664
48333,243,1951,2245
48335,354,1780,2196
48337,885,7526,8604
48339,45835,150314,204632
48341,1098,3977,5284
48343,1425,3443,4970
48345,40,566,615
48347,6846,14771,22622
48349,4002,11994,16433
48351,1156,4288,5534
48353,1029,3552,4857
48355,49198,50766,104405
48357,274,2628,3002
48359,78,850,948
48361,5735,25513,32000
48363,1708,8284,10270
48365,1835,8445,10416
48367,8344,46473,56817
48369,484,1911,2461
48371,1554,2468,4184
48373,4187,15176,19852
48375,7657,19630,28651
48377,1458,474,2020
48379,628,3968,4701
48381,8367,43462,54305
48383,167,709,904
48385,262,1382,1681
48387,1149,3926,5161
48389,1659,1417,3184
48391,1034,1830,2948
48393,20,524,554
48395,2203,4668,7035
48397,9633,28396,39859
48399,453,3250,3782
48401,3935,14675,18994
48403,614,3992,4645
48405,910,2622,3569
48407,2038,8059,10343
48409,7871,13030,21656
48411,293,2025,2357
48413,208,820,1058
48415,733,4410,5289
48417,103,1378,1504
48419,1758,7179,9086
48421,95,807,934
48423,22300,58930,84768
48425,540,3206,3896
48427,9289,2224,11740
48429,348,3034,3461
48431,70,549,633
48433,135,555,701
48435,313,1075,1416
48437,462,1671,2204
48439,288392,345921,668514
48441,10085,33250,45759
48443,140,287,437
48445,753,2459,3355
48447,84,715,808
48449,2597,6511,9419
48451,9173,27494,38479
48453,308260,127209,468720
48455,1142,4699,5935
48457,1248,6624,8016
48459,2380,13209,16013
48461,286,1007,1347
48463,3867,4835,8964
48465,6920,5856,13535
48467,2799,18473,21890
48469,8866,21275,31123
48471,6091,12884,19796
48473,5748,10531,16784
48475,783,2547,3445
48477,3382,10945,14828
48479,42307,12947,56905
48481,4238,10149,14732
48483,194,2087,2306
48485,8770,27631,38119
48487,809,3166,4105
48489,3422,1548,5095
48491,84468,104175,203081
48493,4790,13998,19432
48495,420,1403,1876
48497,3412,20670,24776
48499,2630,15700,18727
48501,426,1797,2303
48503,876,6601,7707
48505,2063,1029,3142
48507,2633,692,3390
49001,264,1838,2491
49003,2282,12230,19735
49005,9023,21165,47533
49007,1717,5275,7952
49009,106,410,606
49011,28776,62217,138408
49013,500,5508,6942
49015,379,3402,4263
49017,358,1606,2344
49019,1960,1975,4532
49021,2450,11561,17654
49023,442,2827,4177
49025,741,2265,3505
49027,431,3858,5240
49029,577,3188,5192
49031,47,626,729
49033,104,797,1109
49035,175863,138043,418868
49037,2042,2645,5447
49039,1061,6673,10162
49041,695,6740,8654
49043,10503,7333,20641
49045,4573,11169,21829
49047,995,9810,12797
49049,28522,102182,201544
49051,3063,6115,12120
49053,10288,42650,61962
49055,271,1526,2004
49057,23131,40235,85038
50001,11219,5297,18591
50003,9539,5925,17206
50005,6445,5534,13852
50007,54814,18601,82042
50009,1019,1506,2854
50011,9351,8752,21029
50013,2094,1487,4068
50015,7241,3570,12566
50017,7541,5007,14470
50019,5185,5159,11752
50021,13635,12479,29199
50023,18594,7993,30730
50025,14340,5454,22376
50027,17556,8605,29503
51001,6740,8583,15765
51003,33345,19259,56218
51005,2166,4874,7308
51007,2128,4708,7017
51009,5057,9719,15317
51011,2023,5715,7955
51013,92016,20186,119442
51015,8177,26163,36141
51017,603,1548,2244
51019,9768,30659,42304
51021,453,2573,3125
51023,4494,13375,18652
51025,4481,3046,7654
51027,1721,7296,9222
51029,3128,3950,7265
51031,6664,19551,27401
51033,6432,7147,14200
51035,2559,10663,13599
51036,2496,1476,4093
51037,2155,3479,5794
51041,81074,85045,175360
51043,3051,4661,8139
51045,541,2140,2785
51047,7759,13349,22110
51049,2036,2697,4884
51051,1335,4932,6405
51053,5765,7447,13533
51057,2542,2657,5355
51059,355133,157710,543353
51061,12971,22127,37153
51063,2300,5293,7976
51065,5760,7025,13508
51067,7257,18569,26817
51069,11932,26083,40163
51071,1950,5910,8178
51073,5404,13096,19540
51075,4889,8384,13946
51077,1407,5592,7257
51079,2924,5945,9508
51081,2558,1737,4363
51083,6897,9704,16959
51085,19382,39630,62377
51087,93935,59857,162527
51089,8198,15208,24029
51091,371,958,1391
51093,7881,12204,20962
51095,19105,21306,42773
51097,1468,2099,3673
51099,4007,7341,11975
51101,2760,5975,9111
51103,2869,3523,6609
51105,1627,7543,9354
51107,100795,69949,181147
51109,6212,10528,17532
51111,2227,3204,5576
51113,2203,4419,6936
51115,1563,3517,5294
51117,6285,8288,14896
51119,2108,3670,6001
51121,20021,19459,42705
51125,3689,4154,8263
51127,3546,8118,12166
51131,3255,2686,6134
51133,2852,4302,7362
51135,2829,3712,6717
51137,5957,10521,17171
51139,2514,7831,10670
51141,1768,6454,8489
51143,9199,21554,31503
51145,4060,11885,16808
51147,4591,4101,9116
51149,6419,9157,16140
51153,113144,71721,194731
51155,4172,10322,15123
51157,1747,2539,4457
51159,1347,2213,3651
51161,17200,31408,51192
51163,3508,6680,10696
51165,9366,25990,37262
51167,2330,9521,12203
51169,1581,8247,10062
51171,5273,14094,20358
51173,2665,9750,12839
51175,3595,5035,8872
51177,24207,34623,62090
51179,27908,33868,65410
51181,2272,1819,4218
51183,2879,2055,5041
51185,2895,15168,18503
51187,5169,11773,17808
51191,5553,19320,25732
51193,3836,4448,8531
51195,2701,12086,15111
51197,2770,10046,13257
51199,12999,18837,33823
51510,57242,13285,74537
51520,1835,4892,6977
51530,693,1430,2393
51540,17901,2960,22259
51550,52627,54047,111976
51570,2367,5681,8427
51580,914,1349,2369
51590,11059,7303,18867
51595,1530,789,2363
51600,7367,3702,11866
51610,5819,1324,7678
51620,2519,1421,4043
51630,6707,3744,11166
51640,681,1603,2364
51650,41312,17902,61897
51660,10212,6262,17849
51670,4724,3885,8970
51678,1514,766,2448
51680,14792,17982,35359
51683,8423,5953,15257
51685,3204,1733,5201
51690,3533,2149,5876
51700,45618,25468,75139
51710,57023,21552,82850
51720,383,1021,1456
51730,12021,1451,13736
51735,1601,5092,7119
51740,28497,12795,43042
51750,2925,2638,6035
51760,81259,15581,102715
51770,22286,14789,39215
51775,4202,7226,12120
51790,5333,5133,11153
51800,23280,18006,43043
51810,91032,98224,201485
51820,3764,4801,9120
51830,5206,1925,7546
51840,5164,4790,10581
53001,1299,3083,4644
53003,3134,5741,9736
53005,26355,47173,79993
53007,12849,17567,32603
53009,17677,18794,39457
53011,92757,92441,200160
53013,526,1497,2182
53015,17599,23863,44982
53017,4918,9603,15543
53019,1098,2202,3601
53021,8803,12984,23395
53023,271,817,1200
53025,7810,18518,28346
53027,12016,14061,28356
53029,20960,18465,42876
53031,12656,6037,20276
53033,718322,216339,998499
53035,63156,49018,124317
53037,7489,10100,18955
53039,4194,5789,10769
53041,9586,21733,33803
53043,1244,4108,5713
53045,11993,13677,28073
53047,6267,9510,16957
53049,4615,5343,10689
53051,1934,4373,6802
53053,172523,146810,348451
53055,7172,2688,10774
53057,26339,24492,55332
53059,2232,2928,5639
53061,185225,128247,342162
53063,93767,113435,227246
53065,5767,15161,22677
53067,68793,48608,129389
53069,832,1344,2358
53071,9656,13618,25342
53073,60340,40599,109673
53075,8140,7327,17217
53077,31289,41719,77730
54001,1222,4527,6054
54003,12321,28244,42850
54005,1790,6504,8683
54007,1321,3537,5090
54009,2568,6625,9613
54011,11447,19850,33085
54013,456,2035,2617
54015,568,2300,2972
54017,362,2358,2840
54019,4290,10357,15337
54021,545,1896,2543
54023,512,4346,4956
54025,3765,9556,14066
54027,1580,6692,8608
54029,3262,8909,12702
54031,1155,4274,5643
54033,7694,18750,27960
54035,2663,9020,12187
54037,9518,13204,24147
54039,28263,43850,75690
54041,1347,5274,6928
54043,1459,5307,7066
54045,2092,9897,12359
54047,1438,4629,6203
54049,6955,14648,22999
54051,2918,9666,13216
54053,2081,7654,10186
54055,4704,17404,22982
54057,2050,9070,11564
54059,1370,7911,9510
54061,14699,18432,36048
54063,1111,4443,5805
54065,1573,5732,7654
54067,1840,7251,9491
54069,5493,11139,17938
54071,729,2398,3225
54073,621,2358,3150
54075,928,2496,3646
54077,2470,9538,12659
54079,5884,17788,24893
54081,6443,22048,29618
54083,2735,7629,10876
54085,496,3405,4075
54087,1222,3781,5247
54089,1190,3455,4862
54091,1491,4733,6538
54093,751,2565,3475
54095,507,2996,3654
54097,1766,7005,9218
54099,3357,11152,15182
54101,556,2302,2978
54103,1359,4519,6265
54105,386,1911,2422
54107,8400,25434,35615
54109,1062,6547,7831
55001,3770,5983,10164
55003,4228,3302,8029
55005,7879,13606,22643
55007,4954,4125,9529
55009,53364,67199,128979
55011,2531,4049,6988
55013,2948,5412,8743
55015,9646,15348,26650
55017,11886,17909,31561
55019,4227,8646,13596
55021,13526,14160,29771
55023,3425,3844,7744
55025,217526,71279,310017
55027,13968,26643,43065
55029,8026,8584,17608
55031,11345,9659,22511
55033,9026,11488,22091
55035,27294,23311,54885
55037,666,1897,2657
55039,17391,31044,51327
55041,1584,2788,4540
55043,10046,12349,24321
55045,9122,8693,18985
55047,2701,6213,9388
55049,6669,4809,12260
55051,1273,2090,3497
55053,3821,4907,9272
55055,16561,23410,43146
55057,4073,7123,11732
55059,35771,36025,77076
55061,3623,6616,10758
55063,32406,26389,62968
55065,3288,3977,7662
55067,3260,6436,10132
55069,5370,8400,14706
55071,14506,23193,40346
55073,26477,39013,69515
55075,6243,12995,20046
55077,2809,4714,7893
55078,1003,269,1279
55079,288797,125846,440247
55081,7048,11352,19670
55083,5884,13253,19978
55085,8104,11677,21033
55087,38087,49884,93868
55089,20168,30430,54523
55091,1345,2206,3739
55093,8382,11258,21189
55095,7570,13815,22749
55097,18521,17306,38496
55099,2669,4562,7577
55101,42512,46611,94133
55103,3577,4023,8055
55105,39343,31488,76068
55107,2171,4564,7087
55109,17486,26220,47508
55111,14692,14791,31318
55113,3504,5185,9121
55115,6056,12742,19751
55117,22956,32458,59655
55119,2398,6589,9484
55121,5636,7364,13675
55123,6352,6996,14213
55125,4770,8169,13612
55127,18706,28851,51324
55129,3284,5404,9148
55131,20855,51729,78003
55133,79200,142521,239042
55135,8440,16189,26024
55137,3792,7669,11999
55139,37054,43448,87144
55141,14232,21503,37800
56001,6890,7602,16423
56003,604,4067,5081
56005,1324,15778,17935
56007,1279,4409,6200
56009,668,5520,6552
56011,273,3348,3774
56013,4200,11167,16543
56015,924,4418,5708
56017,400,1939,2535
56019,638,3477,4349
56021,11573,24847,39950
56023,1105,6779,8398
56025,6577,23552,32530
56027,115,1116,1297
56029,2535,11115,14634
56031,719,3437,4460
56033,2927,10266,14188
56035,644,3409,4297
56037,3231,12154,16660
56039,7314,3921,12178
56041,1202,6154,8053
56043,532,2911,3715
56045,299,3033,3485
